{"cameraMode":{"drawMode":0,"name":"Shaded","section":"Shading Mode"},"sceneLighting":true,"audioPlay":false,"sceneViewState":{"m_AlwaysRefresh":false,"showFog":true,"showSkybox":true,"showFlares":true,"showImageEffects":true,"showParticleSystems":true,"showVisualEffectGraphs":true,"m_FxEnabled":true},"in2DMode":false,"pivot":{"x":-2.1084070205688478,"y":2.822345495223999,"z":10.696730613708496},"rotation":{"x":-0.032012827694416049,"y":0.9663029909133911,"z":-0.1493150293827057,"w":-0.2071702480316162},"size":12.872689247131348,"orthographic":false}