{"cameraMode":{"drawMode":0,"name":"Shaded","section":"Shading Mode"},"sceneLighting":false,"audioPlay":false,"sceneViewState":{"m_AlwaysRefresh":false,"showFog":true,"showSkybox":false,"showFlares":true,"showImageEffects":true,"showParticleSystems":true,"showVisualEffectGraphs":true,"m_FxEnabled":true},"in2DMode":false,"pivot":{"x":0.13555406033992768,"y":0.4961709976196289,"z":10.463675498962403},"rotation":{"x":0.002362314611673355,"y":0.99434894323349,"z":-0.10359528660774231,"w":0.02267736755311489},"size":1.972874641418457,"orthographic":false}